Site Number,Location,Latitude,Longitude
1,Briarwood, Queens,40.7094,-73.8153
2,Long Island Sound,41.1030,-72.9008
3,Vesey Street, Lower Manhattan,40.7082,-74.0088
4,Newark Liberty International Airport,40.6895,-74.1745
5,61st Street, Brooklyn,40.6196,-73.9107
6,JFK International Airport,40.6418,-73.7810
7,Douglass Street, Brooklyn,40.6843,-73.9901
8,Woodlawn, Bronx,40.8982,-73.8674
9,South Central Park,40.7829,-73.9654
10,Grafton Street, Brooklyn,40.6667,-73.9021
11,JFK International Airport (duplicate),40.6418,-73.7810
12,40th Street, near Times Square,40.7570,-73.9894
13,Jericho Union District,40.7930,-73.5399
14,LaGuardia Airport,40.7769,-73.8740
15,Roosevelt Island,40.7601,-73.9496
16,West Harlem,40.8184,-73.9532
17,5th Avenue, Midtown Manhattan,40.7608,-73.9755
18,Lorimer Street, Brooklyn,40.7092,-73.9488